date,player_a1,player_a2,player_b1,player_b2,winner,score_a,score_b,photo
2026-09-02,Bell,Biew,Army,Jim,A,,,
2026-09-02,Tee,Duke,John,Thip,A,,,
2026-09-02,Bell,Romain,Tom,Jim,A,,,
2026-08-29,Dum,Nun,Tom,Champ,A,,,
2026-08-24,Bell,Rch,Dum,Nun,A,,,
2026-08-24,Mon,Kok,Tom,Rch,A,,,
2026-08-24,Bell,Biew,Nos,Tar,A,,,
2026-08-24,Bell,Herwig,Jaii,Champ,A,,,
2026-08-24,Bell,Champ,Nun,Nos,A,,,
2026-08-22,John,Tee,Romain,Duke,A,,,
2026-08-21,Bell,Rch,Dum,Nun,A,,,
2026-08-21,Bell,Nos,Nun,Rch,A,,,
2026-08-21,Kok,Nos,Tom,Rch,A,,,
2026-08-17,Romain,Ying,Nos,One,A,,,
2026-08-14,Sasha,Kok,Jim,Herwig,A,,,
2026-08-12,Tar,Duke,Ying,Nok,A,,,
2026-08-10,Nun,Rch,Bell,Chao,A,,,
2026-08-10,Dum,Rch,Nos,Kok,A,,,
2026-08-10,Army,Tee,Getar,Karn,A,,,
2026-08-10,Army,Karn,Tee,Getar,A,,,
2026-08-10,Jim,Chao,Getar,Romain,A,,,
2026-08-10,Karn,Tee,Sasha,Herwig,A,,,
2026-08-07,Tom,Jim,Romain,Karn,A,,,
2026-08-07,Romain,Karn,Tee,Jim,A,,,
2026-08-07,Bell,Jaii,Kok,Mon,A,,,
2026-08-03,Jaii,Romain,Jim,Karn,A,,,
2026-07-31,Keng,Herwig,Kai,Duke,A,,,
2026-07-30,Rch,Nun,Dum,Ken,A,,,
2026-07-30,Rch,Nun,Nos,Nut,A,,,
2026-07-29,Romain,Jim,Tom,Karn,A,,,
2026-07-29,Bell,Tee,A,Jim,A,,,
2026-07-27,Nut,Bell,Rch,Tom,A,,,
2026-07-27,A,Tom,Kok,Bell,A,,,
2026-07-24,Chao,Herwig,Tee,Karn,A,,,
2026-07-22,Jim,Max,Romain,Jaii,A,,,
2026-07-20,Ying,John,Herwig,Duke,A,,,
2026-07-20,Kok,Bell,Poom,Jaii,A,,,
2026-07-17,Bell,Ning,Romain,Max,A,,,
2026-07-17,Tom,Karn,Jim,Romain,A,,,
2026-07-17,Herwig,Jim,Romain,Karn,A,,,
2026-07-15,Tom,Kok,Romain,Jim,A,,,
2026-07-10,Tom,Jaii,Jim,Romain,A,,,
2026-07-06,Army,Romain,Karn,Tee,A,,,
2026-07-03,Tee,Army,Tom,Karn,A,,,
2026-07-03,Tom,Champ,Bell,Thor,A,,,
2026-07-01,Bell,Biew,Champ,Thor,A,,,
2026-06-29,Rch,Chao,Tom,Kok,A,,,
2026-06-29,Tom,Chao,Rch,Kok,A,,,
2026-06-29,Bell,Bow,Jaii,Getar,A,,,
2026-06-24,Kok,Jaii,Mon,John,A,,,
2026-06-22,Tar,Duke,Jaii,John,A,,,
2026-06-13,Nut,Chao,Tar,Tom,A,,,
2026-06-12,Kok,Jim,Herwig,Bell,A,,,
2026-06-12,Jaii,Mon,Thor,Tar,A,,,
2026-06-12,Chao,Tom,Tar,Jaii,A,,,
2026-06-10,Bell,Jaii,Nos,Chao,A,,,
2026-05-27,Mon,John,Duke,Jaii,A,,,
2026-05-25,Nos,Kok,Mon,Rch,A,,,
2026-05-13,Jaii,Chao,John,Mon,A,,,
2026-05-12,Nun,Chao,Champ,Rch,A,,,
2026-05-11,Bell,Biew,Tom,Rch,A,,,
2026-05-08,Thor,Tom,Daeng,Nut,A,,,
2026-05-08,Bell,Thor,Daeng,Nut,A,,,
2026-05-08,Kok,Mon,Bell,Jaii,A,,,
2026-05-08,Bell,Duke,John,Mon,A,,,
2026-05-04,Mon,John,Nok,Duke,A,,,
2026-05-04,John,Tom,Biew,Nok,A,,,
2026-05-04,Jaii,Bell,Tar,Chao,A,,,
2026-04-24,Herwig,Keng,Tee,Karn,A,,,
2026-04-20,Tar,Herwig,Addy,Keng,A,,,
2026-04-20,Kok,Rch,Nut,Tee,A,,,
2026-04-20,Chao,Rch,Mon,Tom,A,,,
2026-04-17,Tom,Mon,Tar,Daeng,A,,,
2026-04-17,Biew,Mon,Duke,Nok,A,,,
2026-04-17,Nok,Duke,Mon,John,A,,,
2026-04-17,Kok,John,Nok,Duke,A,,,
2026-04-09,Nos,Ning,Mon,John,A,,,
2026-04-06,Bell,Biew,Jaii,Army,A,,,
2026-04-06,Chao,Rch,John,Mon,A,,,
2026-04-03,Nun,Rch,Nos,Nut,A,,,
2026-04-03,Rch,Nun,Nut,Bell,A,,,
2026-04-03,Bell,Ning,Nos,Daeng,A,,,
2026-03-30,Bell,Nun,Champ,Nos,A,,,
2026-03-30,Nun,Bell,Nos,Champ,A,,,
2026-03-27,Bell,Jaii,Tar,Nos,A,,,
2026-03-27,Tom,Nos,Champ,Daeng,A,,,
2026-03-21,J,One,Herwig,Hui,A,,,
2026-03-20,Nok,Mam,Kai,Kok,A,,,
2026-03-18,Nos,Nut,Tom,Mon,A,,,
2026-03-18,Nok,Duke,Ake,Mam,A,,,
2026-03-16,Nos,Nut,Mon,Kok,A,,,
2026-03-16,Tee,Evelina,Bow,Jaii,A,,,
2026-03-16,Nut,Jaii,Nos,Kok,A,,,
2026-03-16,Daeng,Nut,Kok,Jaii,A,,,
2026-03-13,Mam,Nun,Champ,Daeng,A,,,
2026-03-12,Tar,Herwig,Thor,Evelina,A,,,
2026-03-09,Daeng,Ake,Mam,Nos,A,,,
2026-03-06,Bell,Mam,Champ,Nut,A,,,
2026-03-06,Kai,Bell,Mam,Champ,A,,,
2026-03-04,Nok,Rch,Kok,Bell,A,,,
2026-03-03,Mon,Rch,Jaii,Ake,A,,,
2026-03-02,Bell,Hui,Rch,Romain,A,,,
2026-02-27,Rch,Tar,Nut,Nos,A,,,
2026-02-27,Jaii,Nun,Daeng,Bell,A,,,
2026-02-27,Evelina,Tar,Tee,Herwig,A,,,
2026-02-27,Mam,Tar,Evelina,Herwig,A,,,
2026-02-25,Tee,Biew,Karn,Evelina,A,,,
2026-02-25,Bell,Chao,Champ,Mon,A,,,
2026-02-25,Bell,Chao,Champ,Mon,A,,,
2026-02-25,Nut,Moss,Bell,Jaii,A,,,
2026-02-25,Jaii,Biew,Evelina,Herwig,A,,,
2026-02-24,Herwig,Evelina,Biew,Karn,A,,,
2026-02-23,Bell,Daeng,Nos,Addy,A,,,
2026-02-20,Mon,Nos,Bell,John,A,,,
2026-02-20,Bell,Biew,Nok,John,A,,,
2026-02-18,Mon,Thor,Fei,Bell,A,,,
2026-02-16,Bell,Toon,Herwig,Keng,A,,,
2026-02-14,Ake,Kok,Nut,Jaii,A,,,
2026-02-14,Kard,Nun,Bell,Nos,A,,,
2026-02-06,Jaii,Bell,Mon,John,A,,,
2026-02-06,Jaii,Bell,Tom,Mon,A,,,
2026-02-04,Bell,Biew,Nut,Chao,A,,,
2026-01-31,Rch,Chao,Ake,Nut,A,,,
2026-01-30,Bell,Mon,Rch,Nut,A,,,
2026-01-28,Jim,Bell,Kok,Kard,A,,,
2026-01-28,Bell,Biew,Jaii,Chao,A,,,
2026-01-28,Nut,Jaii,Addy,Keng,A,,,
2026-01-28,Nut,Rch,Addy,Nun,A,,,
2026-01-21,Tar,Evelina,Jaii,Jim,A,,,
2026-01-19,Bell,Daeng,Kok,Nut,A,,,
2026-01-19,Bell,Daeng,Mon,Kok,A,,,
2026-01-16,Jim,Nut,Tom,Daeng,A,,,
2026-01-16,Bell,Biew,Daeng,Tom,A,,,
2026-01-15,Tar,Jaii,Daeng,Tom,A,,,
2026-01-14,Bell,Daeng,Tar,Jaii,A,,,
2026-01-14,Bell,Duke,Mon,John,A,,,
2026-01-14,Tom,Daeng,Jaii,Jim,A,,,
2026-01-14,Tom,Daeng,Biew,Bell,A,,,
